{
  "success": true,
  "terms": "https://currencylayer.com/terms",
  "privacy": "https://currencylayer.com/privacy",
  "timestamp": 1627213984,
  "source": "USD",
  "quotes": {
    "USDAED": 3.673204,
    "USDAFN": 79.608879,
    "USDALL": 103.828804,
    "USDAMD": 487.133961,
    "USDANG": 1.793855,
    "USDAOA": 639.831041,
    "USDARS": 96.34195,
    "USDAUD": 1.357773,
    "USDAWG": 1.8005,
    "USDAZN": 1.70397,
    "USDBAM": 1.661524,
    "USDBBD": 2.017789,
    "USDBDT": 84.829458,
    "USDBGN": 1.661499,
    "USDBHD": 0.376764,
    "USDBIF": 1980.375999,
    "USDBMD": 1,
    "USDBND": 1.359068,
    "USDBOB": 6.890488,
    "USDBRL": 5.203864,
    "USDBSD": 0.99938,
    "USDBTC": 2.9072809e-05,
    "USDBTN": 74.377511,
    "USDBWP": 11.116189,
    "USDBYN": 2.507709,
    "USDBYR": 19600,
    "USDBZD": 2.014391,
    "USDCAD": 1.25645,
    "USDCDF": 2003.000362,
    "USDCHF": 0.919919,
    "USDCLF": 0.027623,
    "USDCLP": 762.210396,
    "USDCNY": 6.481404,
    "USDCOP": 3867.627195,
    "USDCRC": 619.557738,
    "USDCUC": 1,
    "USDCUP": 26.5,
    "USDCVE": 93.672746,
    "USDCZK": 21.790394,
    "USDDJF": 177.907283,
    "USDDKK": 6.31704,
    "USDDOP": 56.952928,
    "USDDZD": 134.654626,
    "USDEGP": 15.672016,
    "USDERN": 15.00425,
    "USDETB": 44.287037,
    "USDEUR": 0.849524,
    "USDFJD": 2.08165,
    "USDFKP": 0.722761,
    "USDGBP": 0.727352,
    "USDGEL": 3.08504,
    "USDGGP": 0.722761,
    "USDGHS": 5.954822,
    "USDGIP": 0.722761,
    "USDGMD": 51.203853,
    "USDGNF": 9774.621325,
    "USDGTQ": 7.744939,
    "USDGYD": 208.889417,
    "USDHKD": 7.769404,
    "USDHNL": 23.709361,
    "USDHRK": 6.403204,
    "USDHTG": 95.841581,
    "USDHUF": 306.000354,
    "USDIDR": 14475.15,
    "USDILS": 3.273604,
    "USDIMP": 0.722761,
    "USDINR": 74.427504,
    "USDIQD": 1458.046265,
    "USDIRR": 42105.000352,
    "USDISK": 126.230386,
    "USDJEP": 0.722761,
    "USDJMD": 154.198772,
    "USDJOD": 0.70904,
    "USDJPY": 110.55404,
    "USDKES": 108.229168,
    "USDKGS": 84.26204,
    "USDKHR": 4068.369679,
    "USDKMF": 418.603796,
    "USDKPW": 900.000006,
    "USDKRW": 1152.120384,
    "USDKWD": 0.300904,
    "USDKYD": 0.832788,
    "USDKZT": 425.764359,
    "USDLAK": 9547.713507,
    "USDLBP": 1511.217962,
    "USDLKR": 199.369483,
    "USDLRD": 171.603775,
    "USDLSL": 14.840382,
    "USDLTL": 2.95274,
    "USDLVL": 0.60489,
    "USDLYD": 4.508933,
    "USDMAD": 8.966129,
    "USDMDL": 18.088147,
    "USDMGA": 3808.101059,
    "USDMKD": 52.351907,
    "USDMMK": 1644.92333,
    "USDMNT": 2848.114569,
    "USDMOP": 7.996993,
    "USDMRO": 356.999828,
    "USDMUR": 43.103743,
    "USDMVR": 15.403741,
    "USDMWK": 809.005802,
    "USDMXN": 20.05745,
    "USDMYR": 4.226504,
    "USDMZN": 63.620377,
    "USDNAD": 14.840377,
    "USDNGN": 411.503727,
    "USDNIO": 35.087034,
    "USDNOK": 8.863039,
    "USDNPR": 119.003848,
    "USDNZD": 1.434,
    "USDOMR": 0.38504,
    "USDPAB": 0.999295,
    "USDPEN": 3.930832,
    "USDPGK": 3.508873,
    "USDPHP": 50.227248,
    "USDPKR": 160.744778,
    "USDPLN": 3.88605,
    "USDPYG": 6905.949215,
    "USDQAR": 3.641038,
    "USDRON": 4.181504,
    "USDRSD": 99.861528,
    "USDRUB": 73.868204,
    "USDRWF": 1006.439391,
    "USDSAR": 3.751282,
    "USDSBD": 8.048395,
    "USDSCR": 14.877711,
    "USDSDG": 445.503678,
    "USDSEK": 8.69075,
    "USDSGD": 1.36134,
    "USDSHP": 0.722761,
    "USDSLL": 10250.000339,
    "USDSOS": 585.000338,
    "USDSRD": 21.277038,
    "USDSTD": 20599.824032,
    "USDSVC": 8.744149,
    "USDSYP": 1257.365744,
    "USDSZL": 14.777807,
    "USDTHB": 32.928038,
    "USDTJS": 11.397552,
    "USDTMT": 3.5,
    "USDTND": 2.792504,
    "USDTOP": 2.26015,
    "USDTRY": 8.555404,
    "USDTTD": 6.787441,
    "USDTWD": 28.048104,
    "USDTZS": 2317.48405,
    "USDUAH": 27.024968,
    "USDUGX": 3539.710992,
    "USDUSD": 1,
    "USDUYU": 43.796352,
    "USDUZS": 10608.547909,
    "USDVEF": 213830222338.07285,
    "USDVND": 22992.362781,
    "USDVUV": 110.118701,
    "USDWST": 2.551656,
    "USDXAF": 557.251111,
    "USDXAG": 0.039713,
    "USDXAU": 0.000555,
    "USDXCD": 2.70255,
    "USDXDR": 0.702811,
    "USDXOF": 557.251111,
    "USDXPF": 101.7036,
    "USDYER": 250.103597,
    "USDZAR": 14.84407,
    "USDZMK": 9001.203593,
    "USDZMW": 20.991224,
    "USDZWL": 322.000239
  }
}